Last Name,Phone Number,First Name,SSN
1a1627d2-9d90-404f-baef-0dc7cd0d8ab7,3d55954c-869d-48a6-9223-7bf14851b3b0,fdb8d89d-a89f-426d-9858-df1a8076a2e5,0ea5a634-cfce-4b96-985f-89be1af85a09
9e030487-3df7-42f8-b5f7-27c53aee3d83,0fa3dbbe-e0ef-47db-aec0-9978bbe9138c,bd8baf97-6291-483d-8edb-5117d97dd043,6bb24508-f9e0-4742-bcb1-4168e3cdcf30
322737e2-eafc-4799-beaf-545801b8fa31,77052e55-b0a3-4f63-9840-988200069860,c906fc11-2337-4c5a-9206-f4a81043b6aa,57150312-a6a7-43f4-8405-3346702dda08
0eb63396-019f-4421-810f-c6c4b29370fb,40665f55-1eb5-436f-a44f-e75e86dbbe01,56c5a819-8121-4afd-a50b-fd2579a3a50e,8ec43f1e-1407-46da-b8b2-00f33ff33560
66c959dc-afaa-4b14-844a-298f17d22031,443fe713-2cd3-40ce-8f82-5022cc4a85b9,cd75e922-4ecf-4613-95f4-df763efb0413,18eec99e-6ef5-4c85-bed3-b970822790d3
9fc1709f-534f-42bb-8e55-8a4b532909b2,dfb187d1-ec7c-4b07-8760-54a9de1f2cad,6fa778e7-ca77-42e4-92f2-57a081d27e7d,4325d653-21c3-4391-852f-bdd1604e3a18
95b0e9b8-3db5-4788-b409-ab03de125769,c533535d-f724-46d0-9864-c78fd4ae4fcc,65c10c69-4ced-434c-976c-6dd8683492ec,bf705b40-794d-4b47-aeac-c3e025111098
,ec2918e0-a2dd-431d-af96-62d6e0aaab0b,,c939cadc-1033-40f8-9bbd-f234cdf66d60
,2de7c3e3-8435-43fc-9035-c3737c3a1646,,da8fff4a-e79f-4da1-86e2-b3b405d8e506
,f84b34f3-215e-41a3-a5c4-49ff034601c7,,1eb65e4f-041d-41f3-a429-e2754b9f6696
